feature_name,category,source_table,dtype,min_value,max_value,mean_value,missing_count,missing_pct,leakage_risk
demo_age_years,Demographics & Socioeconomics,DEMO_L,float64,0.0,80.0,38.32,0,0.0,ZERO (Isolated)
demo_is_male,Demographics & Socioeconomics,DEMO_L,int64,0.0,1.0,0.47,0,0.0,ZERO (Isolated)
demo_race_ethnicity,Demographics & Socioeconomics,DEMO_L,int64,1.0,7.0,3.32,0,0.0,ZERO (Isolated)
demo_education_level,Demographics & Socioeconomics,DEMO_L,float64,1.0,5.0,3.8,4150,34.78,ZERO (Isolated)
demo_poverty_ratio,Demographics & Socioeconomics,DEMO_L,float64,0.0,5.0,2.71,2041,17.1,ZERO (Isolated)
demo_household_size,Demographics & Socioeconomics,DEMO_L,float64,1.0,7.0,3.24,0,0.0,ZERO (Isolated)
demo_is_pregnant,Demographics & Socioeconomics,DEMO_L,int64,0.0,1.0,0.0,0,0.0,ZERO (Isolated)
exam_height_cm,Anthropometrics & Physical Vitals,BMX_L / BPXO_L,float64,79.1,200.7,159.66,3434,28.78,ZERO (Isolated)
exam_weight_kg,Anthropometrics & Physical Vitals,BMX_L / BPXO_L,float64,2.7,248.2,70.55,3179,26.64,ZERO (Isolated)
exam_bmi,Anthropometrics & Physical Vitals,BMX_L / BPXO_L,float64,11.1,74.8,27.25,3462,29.01,ZERO (Isolated)
exam_waist_cm,Anthropometrics & Physical Vitals,BMX_L / BPXO_L,float64,39.8,187.0,92.12,3743,31.37,ZERO (Isolated)
exam_waist_height_ratio,Anthropometrics & Physical Vitals,BMX_L / BPXO_L,float64,0.34,1.05,0.57,3759,31.5,ZERO (Isolated)
exam_systolic_bp,Anthropometrics & Physical Vitals,BMX_L / BPXO_L,float64,70.0,232.33,119.09,4415,37.0,ZERO (Isolated)
exam_diastolic_bp,Anthropometrics & Physical Vitals,BMX_L / BPXO_L,float64,34.0,139.0,72.21,4415,37.0,ZERO (Isolated)
exam_pulse_rate,Anthropometrics & Physical Vitals,BMX_L / BPXO_L,float64,34.0,151.0,73.04,4415,37.0,ZERO (Isolated)
diet_energy_kcal,Dietary Nutrient Intakes (2-Day Recall),DR1TOT_L / DR2TOT_L,float64,0.0,10446.0,1927.81,5237,43.89,ZERO (Isolated)
diet_protein_g,Dietary Nutrient Intakes (2-Day Recall),DR1TOT_L / DR2TOT_L,float64,0.0,348.46,70.94,5237,43.89,ZERO (Isolated)
diet_carbohydrate_g,Dietary Nutrient Intakes (2-Day Recall),DR1TOT_L / DR2TOT_L,float64,0.0,1300.94,223.92,5237,43.89,ZERO (Isolated)
diet_sugar_g,Dietary Nutrient Intakes (2-Day Recall),DR1TOT_L / DR2TOT_L,float64,0.0,835.1,96.49,5237,43.89,ZERO (Isolated)
diet_fiber_g,Dietary Nutrient Intakes (2-Day Recall),DR1TOT_L / DR2TOT_L,float64,0.0,117.3,15.54,5237,43.89,ZERO (Isolated)
diet_total_fat_g,Dietary Nutrient Intakes (2-Day Recall),DR1TOT_L / DR2TOT_L,float64,0.0,505.62,80.57,5237,43.89,ZERO (Isolated)
diet_saturated_fat_g,Dietary Nutrient Intakes (2-Day Recall),DR1TOT_L / DR2TOT_L,float64,0.0,208.84,26.16,5237,43.89,ZERO (Isolated)
diet_cholesterol_mg,Dietary Nutrient Intakes (2-Day Recall),DR1TOT_L / DR2TOT_L,float64,0.0,3598.0,293.86,5237,43.89,ZERO (Isolated)
diet_iron_mg,Dietary Nutrient Intakes (2-Day Recall),DR1TOT_L / DR2TOT_L,float64,0.0,103.83,12.31,5237,43.89,ZERO (Isolated)
diet_calcium_mg,Dietary Nutrient Intakes (2-Day Recall),DR1TOT_L / DR2TOT_L,float64,0.0,6061.5,886.42,5237,43.89,ZERO (Isolated)
diet_magnesium_mg,Dietary Nutrient Intakes (2-Day Recall),DR1TOT_L / DR2TOT_L,float64,0.0,2234.0,273.74,5237,43.89,ZERO (Isolated)
diet_zinc_mg,Dietary Nutrient Intakes (2-Day Recall),DR1TOT_L / DR2TOT_L,float64,0.0,80.63,9.21,5237,43.89,ZERO (Isolated)
diet_copper_mg,Dietary Nutrient Intakes (2-Day Recall),DR1TOT_L / DR2TOT_L,float64,0.0,74.12,1.09,5237,43.89,ZERO (Isolated)
diet_sodium_mg,Dietary Nutrient Intakes (2-Day Recall),DR1TOT_L / DR2TOT_L,float64,0.0,16573.5,2967.63,5237,43.89,ZERO (Isolated)
diet_potassium_mg,Dietary Nutrient Intakes (2-Day Recall),DR1TOT_L / DR2TOT_L,float64,0.0,12467.0,2343.28,5237,43.89,ZERO (Isolated)
diet_selenium_mcg,Dietary Nutrient Intakes (2-Day Recall),DR1TOT_L / DR2TOT_L,float64,0.0,856.15,99.83,5237,43.89,ZERO (Isolated)
diet_phosphorus_mg,Dietary Nutrient Intakes (2-Day Recall),DR1TOT_L / DR2TOT_L,float64,0.0,7646.5,1230.63,5237,43.89,ZERO (Isolated)
diet_vitamin_a_rae_mcg,Dietary Nutrient Intakes (2-Day Recall),DR1TOT_L / DR2TOT_L,float64,0.0,39008.0,579.79,5237,43.89,ZERO (Isolated)
diet_retinol_mcg,Dietary Nutrient Intakes (2-Day Recall),DR1TOT_L / DR2TOT_L,float64,0.0,38879.0,381.46,5237,43.89,ZERO (Isolated)
diet_beta_carotene_mcg,Dietary Nutrient Intakes (2-Day Recall),DR1TOT_L / DR2TOT_L,float64,0.0,62861.0,2128.39,5237,43.89,ZERO (Isolated)
diet_thiamin_b1_mg,Dietary Nutrient Intakes (2-Day Recall),DR1TOT_L / DR2TOT_L,float64,0.0,10.19,1.41,5237,43.89,ZERO (Isolated)
diet_riboflavin_b2_mg,Dietary Nutrient Intakes (2-Day Recall),DR1TOT_L / DR2TOT_L,float64,0.0,24.5,1.81,5237,43.89,ZERO (Isolated)
diet_niacin_b3_mg,Dietary Nutrient Intakes (2-Day Recall),DR1TOT_L / DR2TOT_L,float64,0.0,283.72,21.63,5237,43.89,ZERO (Isolated)
diet_vitamin_b6_mg,Dietary Nutrient Intakes (2-Day Recall),DR1TOT_L / DR2TOT_L,float64,0.0,26.83,1.74,5237,43.89,ZERO (Isolated)
diet_folate_dfe_mcg,Dietary Nutrient Intakes (2-Day Recall),DR1TOT_L / DR2TOT_L,float64,0.0,4027.0,418.01,5237,43.89,ZERO (Isolated)
diet_folic_acid_mcg,Dietary Nutrient Intakes (2-Day Recall),DR1TOT_L / DR2TOT_L,float64,0.0,2254.0,131.84,5237,43.89,ZERO (Isolated)
diet_vitamin_b12_mcg,Dietary Nutrient Intakes (2-Day Recall),DR1TOT_L / DR2TOT_L,float64,0.0,413.18,4.1,5237,43.89,ZERO (Isolated)
diet_vitamin_c_mg,Dietary Nutrient Intakes (2-Day Recall),DR1TOT_L / DR2TOT_L,float64,0.0,838.8,81.33,5237,43.89,ZERO (Isolated)
diet_vitamin_d_mcg,Dietary Nutrient Intakes (2-Day Recall),DR1TOT_L / DR2TOT_L,float64,0.0,71.9,4.74,5237,43.89,ZERO (Isolated)
diet_vitamin_e_mg,Dietary Nutrient Intakes (2-Day Recall),DR1TOT_L / DR2TOT_L,float64,0.0,125.33,8.95,5237,43.89,ZERO (Isolated)
diet_vitamin_k_mcg,Dietary Nutrient Intakes (2-Day Recall),DR1TOT_L / DR2TOT_L,float64,0.0,1789.4,107.42,5237,43.89,ZERO (Isolated)
diet_choline_mg,Dietary Nutrient Intakes (2-Day Recall),DR1TOT_L / DR2TOT_L,float64,0.0,2403.5,306.51,5237,43.89,ZERO (Isolated)
diet_caffeine_mg,Dietary Nutrient Intakes (2-Day Recall),DR1TOT_L / DR2TOT_L,float64,0.0,2460.0,114.07,5237,43.89,ZERO (Isolated)
diet_alcohol_g,Dietary Nutrient Intakes (2-Day Recall),DR1TOT_L / DR2TOT_L,float64,0.0,388.8,5.31,5237,43.89,ZERO (Isolated)
diet_water_moisture_g,Dietary Nutrient Intakes (2-Day Recall),DR1TOT_L / DR2TOT_L,float64,0.0,26985.71,2598.07,5237,43.89,ZERO (Isolated)
lifestyle_special_diet,"Lifestyle, Diet Behavior & Physical Activity",DBQ_L / PAQ_L / ALQ_L / SMQ_L,float64,0.0,1.0,0.13,5175,43.37,ZERO (Isolated)
supp_iron_mg,Dietary Supplement Intakes,DSQTOT_L,float64,0.0,150.0,1.65,0,0.0,ZERO (Isolated)
supp_calcium_mg,Dietary Supplement Intakes,DSQTOT_L,float64,0.0,3383.3,62.81,0,0.0,ZERO (Isolated)
supp_magnesium_mg,Dietary Supplement Intakes,DSQTOT_L,float64,0.0,1691.7,17.65,0,0.0,ZERO (Isolated)
supp_zinc_mg,Dietary Supplement Intakes,DSQTOT_L,float64,0.0,200.0,2.59,0,0.0,ZERO (Isolated)
supp_potassium_mg,Dietary Supplement Intakes,DSQTOT_L,float64,0.0,3120.0,7.82,0,0.0,ZERO (Isolated)
supp_selenium_mcg,Dietary Supplement Intakes,DSQTOT_L,float64,0.0,400.0,4.79,0,0.0,ZERO (Isolated)
supp_vitamin_d_mcg,Dietary Supplement Intakes,DSQTOT_L,float64,0.0,1262.08,11.6,0,0.0,ZERO (Isolated)
supp_vitamin_b12_mcg,Dietary Supplement Intakes,DSQTOT_L,float64,0.0,9333.33,50.79,0,0.0,ZERO (Isolated)
supp_folate_dfe_mcg,Dietary Supplement Intakes,DSQTOT_L,float64,0.0,15354.0,158.15,0,0.0,ZERO (Isolated)
supp_vitamin_c_mg,Dietary Supplement Intakes,DSQTOT_L,float64,0.0,8000.0,50.74,0,0.0,ZERO (Isolated)
supp_vitamin_b6_mg,Dietary Supplement Intakes,DSQTOT_L,float64,0.0,500.0,1.15,0,0.0,ZERO (Isolated)
supp_iodine_mcg,Dietary Supplement Intakes,DSQTOT_L,float64,0.0,1500.0,15.89,0,0.0,ZERO (Isolated)
supp_uses_supplements,Dietary Supplement Intakes,DSQTOT_L,float64,0.0,1.0,0.32,0,0.0,ZERO (Isolated)
total_iron_intake_mg,Total Combined Daily Nutrient Intakes,DR1TOT_L + DSQTOT_L,float64,0.0,167.5,8.55,0,0.0,ZERO (Isolated)
total_vitamin_d_intake_mcg,Total Combined Daily Nutrient Intakes,DR1TOT_L + DSQTOT_L,float64,0.0,1262.48,14.26,0,0.0,ZERO (Isolated)
total_folate_intake_mcg,Total Combined Daily Nutrient Intakes,DR1TOT_L + DSQTOT_L,float64,0.0,15835.5,392.71,0,0.0,ZERO (Isolated)
total_magnesium_intake_mg,Total Combined Daily Nutrient Intakes,DR1TOT_L + DSQTOT_L,float64,0.0,2354.0,171.26,0,0.0,ZERO (Isolated)
total_potassium_intake_mg,Total Combined Daily Nutrient Intakes,DR1TOT_L + DSQTOT_L,float64,0.0,12467.0,1322.72,0,0.0,ZERO (Isolated)
total_selenium_intake_mcg,Total Combined Daily Nutrient Intakes,DR1TOT_L + DSQTOT_L,float64,0.0,939.15,60.81,0,0.0,ZERO (Isolated)
total_calcium_intake_mg,Total Combined Daily Nutrient Intakes,DR1TOT_L + DSQTOT_L,float64,0.0,6308.2,560.2,0,0.0,ZERO (Isolated)
total_zinc_intake_mg,Total Combined Daily Nutrient Intakes,DR1TOT_L + DSQTOT_L,float64,0.0,208.54,7.76,0,0.0,ZERO (Isolated)
total_vitamin_b12_intake_mcg,Total Combined Daily Nutrient Intakes,DR1TOT_L + DSQTOT_L,float64,0.0,9338.45,53.09,0,0.0,ZERO (Isolated)
total_vitamin_c_intake_mg,Total Combined Daily Nutrient Intakes,DR1TOT_L + DSQTOT_L,float64,0.0,8308.55,96.38,0,0.0,ZERO (Isolated)
nar_iron,NIH Nutrient Adequacy Ratios (NAR / MAR),Total Intakes / NIH RDA,float64,0.0,2.0,0.62,0,0.0,ZERO (Isolated)
nar_vitamin_d,NIH Nutrient Adequacy Ratios (NAR / MAR),Total Intakes / NIH RDA,float64,0.0,2.0,0.51,0,0.0,ZERO (Isolated)
nar_folate,NIH Nutrient Adequacy Ratios (NAR / MAR),Total Intakes / NIH RDA,float64,0.0,2.0,0.71,0,0.0,ZERO (Isolated)
nar_magnesium,NIH Nutrient Adequacy Ratios (NAR / MAR),Total Intakes / NIH RDA,float64,0.0,2.0,0.46,0,0.0,ZERO (Isolated)
nar_potassium,NIH Nutrient Adequacy Ratios (NAR / MAR),Total Intakes / NIH RDA,float64,0.0,2.0,0.45,0,0.0,ZERO (Isolated)
nar_selenium,NIH Nutrient Adequacy Ratios (NAR / MAR),Total Intakes / NIH RDA,float64,0.0,2.0,0.89,0,0.0,ZERO (Isolated)
nar_calcium,NIH Nutrient Adequacy Ratios (NAR / MAR),Total Intakes / NIH RDA,float64,0.0,2.0,0.55,0,0.0,ZERO (Isolated)
nar_zinc,NIH Nutrient Adequacy Ratios (NAR / MAR),Total Intakes / NIH RDA,float64,0.0,2.0,0.66,0,0.0,ZERO (Isolated)
nar_vitamin_b12,NIH Nutrient Adequacy Ratios (NAR / MAR),Total Intakes / NIH RDA,float64,0.0,2.0,0.86,0,0.0,ZERO (Isolated)
nar_vitamin_c,NIH Nutrient Adequacy Ratios (NAR / MAR),Total Intakes / NIH RDA,float64,0.0,2.0,0.65,0,0.0,ZERO (Isolated)
nar_mean_adequacy_ratio,NIH Nutrient Adequacy Ratios (NAR / MAR),Total Intakes / NIH RDA,float64,0.0,2.0,0.64,0,0.0,ZERO (Isolated)
symptom_phq9_score,Clinical Symptoms & Mental Health,DPQ_L / SLQ_L,float64,0.0,26.0,3.6,5596,46.9,ZERO (Isolated)
symptom_fatigue_energy_loss,Clinical Symptoms & Mental Health,DPQ_L / SLQ_L,float64,1.0,3.0,1.48,8775,73.54,ZERO (Isolated)
symptom_poor_appetite,Clinical Symptoms & Mental Health,DPQ_L / SLQ_L,float64,1.0,3.0,1.53,10133,84.92,ZERO (Isolated)
symptom_concentration_trouble,Clinical Symptoms & Mental Health,DPQ_L / SLQ_L,float64,1.0,3.0,1.46,10464,87.69,ZERO (Isolated)
symptom_sleep_hours_weekday,Clinical Symptoms & Mental Health,DPQ_L / SLQ_L,float64,2.0,14.0,7.76,3545,29.71,ZERO (Isolated)
symptom_short_sleep,Clinical Symptoms & Mental Health,DPQ_L / SLQ_L,float64,0.0,1.0,0.21,3545,29.71,ZERO (Isolated)
symptom_sleep_hours_weekend,Clinical Symptoms & Mental Health,DPQ_L / SLQ_L,float64,2.0,14.0,8.35,3546,29.72,ZERO (Isolated)
symptom_sleep_variability,Clinical Symptoms & Mental Health,DPQ_L / SLQ_L,float64,0.0,12.0,0.96,3574,29.95,ZERO (Isolated)
lifestyle_main_meal_planner,"Lifestyle, Diet Behavior & Physical Activity",DBQ_L / PAQ_L / ALQ_L / SMQ_L,float64,0.0,1.0,0.65,3450,28.91,ZERO (Isolated)
lifestyle_main_food_shopper,"Lifestyle, Diet Behavior & Physical Activity",DBQ_L / PAQ_L / ALQ_L / SMQ_L,float64,0.0,1.0,0.65,3449,28.9,ZERO (Isolated)
lifestyle_sedentary_minutes_per_day,"Lifestyle, Diet Behavior & Physical Activity",DBQ_L / PAQ_L / ALQ_L / SMQ_L,float64,0.0,1200.0,361.57,3873,32.46,ZERO (Isolated)
lifestyle_moderate_activity_minutes,"Lifestyle, Diet Behavior & Physical Activity",DBQ_L / PAQ_L / ALQ_L / SMQ_L,float64,1.0,600.0,63.39,5567,46.65,ZERO (Isolated)
lifestyle_vigorous_activity_minutes,"Lifestyle, Diet Behavior & Physical Activity",DBQ_L / PAQ_L / ALQ_L / SMQ_L,float64,1.0,600.0,59.82,8263,69.24,ZERO (Isolated)
history_anemia,Medical History & Diagnoses,MCQ_L,float64,0.0,1.0,0.04,200,1.68,ZERO (Isolated)
history_thyroid_problem,Medical History & Diagnoses,MCQ_L,float64,0.0,1.0,0.14,4146,34.74,ZERO (Isolated)
history_liver_condition,Medical History & Diagnoses,MCQ_L,float64,0.0,1.0,0.05,4139,34.69,ZERO (Isolated)
history_arthritis,Medical History & Diagnoses,MCQ_L,float64,0.0,1.0,0.33,4143,34.72,ZERO (Isolated)
history_bone_fracture,Medical History & Diagnoses,MCQ_L,float64,0.0,1.0,0.76,10217,85.62,ZERO (Isolated)
lifestyle_alcohol_drinker,"Lifestyle, Diet Behavior & Physical Activity",DBQ_L / PAQ_L / ALQ_L / SMQ_L,float64,0.0,1.0,0.9,6457,54.11,ZERO (Isolated)
lifestyle_smoked_100_cigarettes,"Lifestyle, Diet Behavior & Physical Activity",DBQ_L / PAQ_L / ALQ_L / SMQ_L,float64,0.0,1.0,0.4,3812,31.95,ZERO (Isolated)
