target,target_name,model_name,role,optimal_threshold,test_roc_auc,test_pr_auc,test_brier_score,test_precision_opt,test_recall_opt,test_f1_opt,test_f2_opt,test_specificity,test_precision_default_05,test_recall_default_05,test_f1_default_05,confusion_matrix,calibration
target_iron_deficiency,Iron Deficiency,LightGBM,Champion,0.3731040776421863,0.6002458210422812,0.4697878501509555,0.2322018559266862,0.44976076555023925,0.831858407079646,0.5838509316770186,0.7110438729198184,0.3611111111111111,0.45588235294117646,0.2743362831858407,0.3425414364640884,"{'tn': 65, 'fp': 115, 'fn': 19, 'tp': 94}","{'prob_true': [0.0, 0.27102803738317754, 0.45054945054945056, 1.0], 'prob_pred': [0.18175484181539084, 0.33251929656193663, 0.48577844706236184, 0.6093452469678469]}"
target_iron_deficiency,Iron Deficiency,XGBoost,Challenger,0.3993183374404907,0.6112094395280236,0.45414386329593587,0.23513096570968628,0.44508670520231214,0.6814159292035398,0.5384615384615384,0.616,0.4666666666666667,0.47368421052631576,0.39823008849557523,0.4326923076923077,"{'tn': 84, 'fp': 96, 'fn': 36, 'tp': 77}","{'prob_true': [0.15384615384615385, 0.3177570093457944, 0.4338235294117647, 0.4864864864864865], 'prob_pred': [0.15722347280153862, 0.30987620061246035, 0.4964250567204812, 0.664714239739083]}"
target_iron_deficiency,Iron Deficiency,CatBoost,Challenger,0.43915784166057154,0.5981809242871189,0.4813285473384191,0.2349447464196597,0.45977011494252873,0.7079646017699115,0.5574912891986062,0.6389776357827476,0.4777777777777778,0.4473684210526316,0.45132743362831856,0.44933920704845814,"{'tn': 86, 'fp': 94, 'fn': 33, 'tp': 80}","{'prob_true': [0.0, 0.28735632183908044, 0.4578313253012048, 0.35294117647058826], 'prob_pred': [0.16598597009729343, 0.3239001234887995, 0.4991846966562526, 0.6337665671741763]}"
target_iron_deficiency,Iron Deficiency,ElasticNet_LogisticRegression,Baseline,0.33074361900679855,0.6301868239921338,0.5426065283339909,0.23212224895811193,0.4279835390946502,0.9203539823008849,0.5842696629213483,0.7482014388489209,0.22777777777777777,0.45751633986928103,0.6194690265486725,0.5263157894736842,"{'tn': 41, 'fp': 139, 'fn': 9, 'tp': 104}","{'prob_true': [0.1111111111111111, 0.31666666666666665, 0.37888198757763975, 0.5490196078431373, 1.0], 'prob_pred': [0.1507465595897577, 0.3177915862849751, 0.5167756317785327, 0.6548864199635719, 0.8382236452195312]}"
target_iron_deficiency_anemia,Iron Deficiency Anemia (IDA),LightGBM,Champion,0.23844548665517631,0.6127755285650022,0.24814900155653385,0.12907415774235673,0.2558139534883721,0.24444444444444444,0.25,0.24663677130044842,0.8704453441295547,0.0,0.0,0.0,"{'tn': 215, 'fp': 32, 'fn': 34, 'tp': 11}","{'prob_true': [0.12101910828025478, 0.1925925925925926], 'prob_pred': [0.1664296463329575, 0.2309511390514699]}"
target_iron_deficiency_anemia,Iron Deficiency Anemia (IDA),XGBoost,Challenger,0.39379438757896423,0.6495726495726496,0.23675569630443777,0.19505926966667175,0.20625,0.7333333333333333,0.32195121951219513,0.4852941176470588,0.48582995951417,0.288135593220339,0.37777777777777777,0.3269230769230769,"{'tn': 120, 'fp': 127, 'fn': 12, 'tp': 33}","{'prob_true': [0.0948905109489051, 0.1958041958041958, 0.3333333333333333], 'prob_pred': [0.3285940785477631, 0.47882341463249045, 0.6428089539210001]}"
target_iron_deficiency_anemia,Iron Deficiency Anemia (IDA),CatBoost,Challenger,0.4493098945561736,0.6412055780476833,0.2767951158396908,0.20129190678396622,0.20353982300884957,0.5111111111111111,0.2911392405063291,0.3924914675767918,0.6356275303643725,0.2564102564102564,0.4444444444444444,0.3252032520325203,"{'tn': 157, 'fp': 90, 'fn': 22, 'tp': 23}","{'prob_true': [0.0, 0.09401709401709402, 0.20168067226890757, 0.2631578947368421], 'prob_pred': [0.16460301776827982, 0.32403769650441694, 0.48071816845949566, 0.6506845287876564]}"
target_iron_deficiency_anemia,Iron Deficiency Anemia (IDA),ElasticNet_LogisticRegression,Baseline,0.5482038383095986,0.6181736392262709,0.23893256910360977,0.21099029816317535,0.24242424242424243,0.35555555555555557,0.2882882882882883,0.3252032520325203,0.7975708502024291,0.23255813953488372,0.4444444444444444,0.3053435114503817,"{'tn': 197, 'fp': 50, 'fn': 29, 'tp': 16}","{'prob_true': [0.0196078431372549, 0.17475728155339806, 0.15730337078651685, 0.13793103448275862, 0.4], 'prob_pred': [0.09550720966208034, 0.3072727046785228, 0.49399247174622, 0.6767841851852124, 0.8673113919860777]}"
target_vitamin_d_deficiency,Vitamin D Deficiency,LightGBM,Champion,0.3665210122466213,0.8191352191972282,0.5374943243710412,0.14594710649062453,0.4245939675174014,0.7754237288135594,0.5487256371814093,0.6654545454545454,0.7119628339140535,0.6666666666666666,0.2457627118644068,0.3591331269349845,"{'tn': 613, 'fp': 248, 'fn': 53, 'tp': 183}","{'prob_true': [0.024615384615384615, 0.15914489311163896, 0.4586894586894587], 'prob_pred': [0.13003825781162706, 0.31793187759003655, 0.4683075303691594]}"
target_vitamin_d_deficiency,Vitamin D Deficiency,XGBoost,Challenger,0.5577125549316406,0.8262195121951219,0.5331344180549662,0.16926223039627075,0.47076023391812866,0.6822033898305084,0.5570934256055363,0.6259720062208398,0.7897793263646922,0.4341801385681293,0.7966101694915254,0.5620328849028401,"{'tn': 680, 'fp': 181, 'fn': 75, 'tp': 161}","{'prob_true': [0.018292682926829267, 0.09644670050761421, 0.2508361204013378, 0.4692982456140351, 0.6444444444444445], 'prob_pred': [0.1090433411754486, 0.312724724336324, 0.5050046064183864, 0.6813077866508249, 0.8218213399251302]}"
target_vitamin_d_deficiency,Vitamin D Deficiency,CatBoost,Challenger,0.515619033222368,0.8265910746274532,0.540030005596742,0.17459704720623673,0.4192139737991266,0.8135593220338984,0.553314121037464,0.6847360912981455,0.6910569105691057,0.41014799154334036,0.8220338983050848,0.5472496473906912,"{'tn': 595, 'fp': 266, 'fn': 44, 'tp': 192}","{'prob_true': [0.015015015015015015, 0.0875, 0.22535211267605634, 0.4517241379310345, 0.7333333333333333], 'prob_pred': [0.08770916967451146, 0.3133783241874279, 0.5077236557793832, 0.6870691129468396, 0.8307100098551674]}"
target_vitamin_d_deficiency,Vitamin D Deficiency,ElasticNet_LogisticRegression,Baseline,0.5117949429259375,0.810232484891435,0.4916096891874314,0.185276875308878,0.4072494669509595,0.809322033898305,0.5418439716312057,0.6758669497523001,0.6771196283391405,0.3991683991683992,0.8135593220338984,0.5355648535564853,"{'tn': 583, 'fp': 278, 'fn': 45, 'tp': 191}","{'prob_true': [0.012738853503184714, 0.08287292817679558, 0.24812030075187969, 0.40077821011673154, 0.6075949367088608], 'prob_pred': [0.058072391623831245, 0.3058922255518609, 0.5071939064925014, 0.6966685180040545, 0.8573168535724977]}"
target_vitamin_d_insufficiency,Vitamin D Insufficiency,LightGBM,Champion,0.33808195911062644,0.8129946634785572,0.8226529360623351,0.17496248773149353,0.6775407779171895,0.9215017064846417,0.7809110629067245,0.8595988538681948,0.49706457925636005,0.7223088923556942,0.7901023890784983,0.7546862265688672,"{'tn': 254, 'fp': 257, 'fn': 46, 'tp': 540}","{'prob_true': [0.11627906976744186, 0.3263888888888889, 0.5487804878048781, 0.6757679180887372, 0.9095477386934674], 'prob_pred': [0.07712540191812524, 0.31584946393492674, 0.5155437337678925, 0.7018298319789124, 0.8624935296753312]}"
target_vitamin_d_insufficiency,Vitamin D Insufficiency,XGBoost,Challenger,0.3825010657310486,0.8158632942166536,0.8213824697748527,0.17382551729679108,0.6964520367936925,0.9044368600682594,0.7869339272457313,0.8534621578099839,0.547945205479452,0.730829420970266,0.7969283276450512,0.7624489795918368,"{'tn': 280, 'fp': 231, 'fn': 56, 'tp': 530}","{'prob_true': [0.12796208530805686, 0.28368794326241137, 0.5344129554655871, 0.6938110749185668, 0.9109947643979057], 'prob_pred': [0.08314774516457912, 0.30926097665272706, 0.5094526808271523, 0.7019196090558453, 0.8582272223777172]}"
target_vitamin_d_insufficiency,Vitamin D Insufficiency,CatBoost,Challenger,0.3780062969495777,0.8127074664547197,0.82387279067349,0.1757213960591498,0.6837944664031621,0.8856655290102389,0.7717472118959108,0.8362874637447631,0.5303326810176126,0.7214397496087637,0.7866894197952219,0.7526530612244898,"{'tn': 271, 'fp': 240, 'fn': 67, 'tp': 519}","{'prob_true': [0.12037037037037036, 0.3115942028985507, 0.5434782608695652, 0.677115987460815, 0.9072164948453608], 'prob_pred': [0.0805818256390232, 0.3126963373583873, 0.506513020219861, 0.700658577740234, 0.8607297544938765]}"
target_vitamin_d_insufficiency,Vitamin D Insufficiency,ElasticNet_LogisticRegression,Baseline,0.40487976666962067,0.799676736373169,0.7891585143898959,0.18118232728646194,0.6938775510204082,0.8703071672354948,0.7721423164269493,0.8281909710945112,0.5596868884540117,0.71850699844479,0.78839590443686,0.7518307567127747,"{'tn': 286, 'fp': 225, 'fn': 76, 'tp': 510}","{'prob_true': [0.105, 0.34810126582278483, 0.5042016806722689, 0.7386018237082067, 0.8546511627906976], 'prob_pred': [0.07635742048710166, 0.2998082006294734, 0.5124364751379985, 0.706615389145443, 0.857947212306347]}"
target_folate_deficiency,Folate Deficiency,LightGBM,Champion,0.1391034212076436,0.6911978568694988,0.2129685603237514,0.09919811196044967,0.1559633027522936,0.7846153846153846,0.2602040816326531,0.434412265758092,0.4507462686567164,0.0,0.0,0.0,"{'tn': 453, 'fp': 552, 'fn': 28, 'tp': 102}","{'prob_true': [0.1147396293027361, 0.0], 'prob_pred': [0.14340966274853284, 0.20125793218075855]}"
target_folate_deficiency,Folate Deficiency,XGBoost,Challenger,0.3769359886646271,0.7030080367393801,0.2088552172139195,0.15490633249282837,0.17608695652173914,0.6230769230769231,0.2745762711864407,0.413265306122449,0.6228855721393035,0.19730941704035873,0.3384615384615385,0.24929178470254956,"{'tn': 626, 'fp': 379, 'fn': 49, 'tp': 81}","{'prob_true': [0.016853932584269662, 0.12912087912087913, 0.15960912052117263, 0.25961538461538464, 0.25], 'prob_pred': [0.07895733946358806, 0.3074216913882193, 0.4820899364420179, 0.6814571349666669, 0.8291197121143341]}"
target_folate_deficiency,Folate Deficiency,CatBoost,Challenger,0.4975085821739257,0.6978568694986607,0.2070969871179552,0.19837496504122418,0.17715617715617715,0.5846153846153846,0.27191413237924866,0.40042149631190727,0.6487562189054726,0.17966903073286053,0.5846153846153846,0.27486437613019893,"{'tn': 652, 'fp': 353, 'fn': 54, 'tp': 76}","{'prob_true': [0.004310344827586207, 0.07407407407407407, 0.14575645756457564, 0.21052631578947367, 0.0], 'prob_pred': [0.11755214528444542, 0.32128817699194345, 0.496191727264617, 0.6532501002450233, 0.8087672081561357]}"
target_folate_deficiency,Folate Deficiency,ElasticNet_LogisticRegression,Baseline,0.5068184742288078,0.6731496364332186,0.1993870893199147,0.20894700144044437,0.17096018735362997,0.5615384615384615,0.2621184919210054,0.38542766631467795,0.6477611940298508,0.17040358744394618,0.5846153846153846,0.2638888888888889,"{'tn': 651, 'fp': 354, 'fn': 57, 'tp': 73}","{'prob_true': [0.00823045267489712, 0.10431654676258993, 0.14136125654450263, 0.18446601941747573, 0.2692307692307692], 'prob_pred': [0.10035811665996842, 0.31323430816702064, 0.5041255734950588, 0.6821593585640857, 0.8439553189273602]}"
target_magnesium_deficiency,Magnesium Deficiency,LightGBM,Champion,0.11610569025917454,0.6109755447102435,0.1315739011307623,0.08290528334528371,0.12098765432098765,0.5632183908045977,0.1991869918699187,0.3253652058432935,0.5870069605568445,0.0,0.0,0.0,"{'tn': 506, 'fp': 356, 'fn': 38, 'tp': 49}","{'prob_true': [0.0916754478398314], 'prob_pred': [0.10922835892324508]}"
target_magnesium_deficiency,Magnesium Deficiency,XGBoost,Challenger,0.3990107774734497,0.6557057897965171,0.16646931544525637,0.16849784553050995,0.14206128133704735,0.5862068965517241,0.22869955156950672,0.3606789250353607,0.642691415313225,0.16666666666666666,0.3793103448275862,0.23157894736842105,"{'tn': 554, 'fp': 308, 'fn': 36, 'tp': 51}","{'prob_true': [0.024096385542168676, 0.06679764243614932, 0.12727272727272726, 0.19753086419753085, 0.0], 'prob_pred': [0.1738681289625455, 0.29518287176584684, 0.4887898701971227, 0.6515983063497661, 0.8041889071464539]}"
target_magnesium_deficiency,Magnesium Deficiency,CatBoost,Challenger,0.5091299097433324,0.6798277195508974,0.17274597336160652,0.19689727263959708,0.1511627906976744,0.4482758620689655,0.22608695652173913,0.3217821782178218,0.7459396751740139,0.16206896551724137,0.5402298850574713,0.2493368700265252,"{'tn': 643, 'fp': 219, 'fn': 48, 'tp': 39}","{'prob_true': [0.0, 0.04497354497354497, 0.11333333333333333, 0.21839080459770116], 'prob_pred': [0.15476360874330897, 0.3181579114216861, 0.4913437945777571, 0.646533302019138]}"
target_magnesium_deficiency,Magnesium Deficiency,ElasticNet_LogisticRegression,Baseline,0.5671189403891892,0.72932501266768,0.20996697374001844,0.2038938433205935,0.19123505976095617,0.5517241379310345,0.28402366863905326,0.4006677796327212,0.7645011600928074,0.17647058823529413,0.6551724137931034,0.2780487804878049,"{'tn': 659, 'fp': 203, 'fn': 39, 'tp': 48}","{'prob_true': [0.028169014084507043, 0.04081632653061224, 0.11923076923076924, 0.15853658536585366, 0.3], 'prob_pred': [0.14609091457477694, 0.29873966570703897, 0.4925857678449808, 0.6848915879093563, 0.8614183921019345]}"
target_potassium_deficiency,Potassium Deficiency,LightGBM,Champion,0.15171259284794433,0.7175390674628382,0.04524983298824533,0.020143435049030486,0.058823529411764705,0.29411764705882354,0.09803921568627451,0.16339869281045752,0.9136069114470843,0.0,0.0,0.0,"{'tn': 846, 'fp': 80, 'fn': 12, 'tp': 5}","{'prob_true': [0.018027571580063628], 'prob_pred': [0.05607561854957512]}"
target_potassium_deficiency,Potassium Deficiency,XGBoost,Challenger,0.5841242074966431,0.6975606657349764,0.06903136010539954,0.19236129522323608,0.0,0.0,0.0,0.0,0.9967602591792657,0.043010752688172046,0.47058823529411764,0.07881773399014778,"{'tn': 923, 'fp': 3, 'fn': 17, 'tp': 0}","{'prob_true': [0.005698005698005698, 0.02533783783783784], 'prob_pred': [0.36106152335802716, 0.47489792496167327]}"
target_potassium_deficiency,Potassium Deficiency,CatBoost,Challenger,0.5685649072891569,0.743266421039258,0.059224899338994025,0.2053897927512477,0.0,0.0,0.0,0.0,0.9978401727861771,0.037037037037037035,0.7058823529411765,0.07038123167155426,"{'tn': 924, 'fp': 2, 'fn': 17, 'tp': 0}","{'prob_true': [0.003861003861003861, 0.023391812865497075], 'prob_pred': [0.3330796538402015, 0.4886901269544024]}"
target_potassium_deficiency,Potassium Deficiency,ElasticNet_LogisticRegression,Baseline,0.568299774010504,0.6378477957057553,0.05338612417229518,0.18303943712428422,0.038461538461538464,0.47058823529411764,0.07111111111111111,0.14492753623188406,0.7840172786177105,0.03088803088803089,0.47058823529411764,0.057971014492753624,"{'tn': 726, 'fp': 200, 'fn': 9, 'tp': 8}","{'prob_true': [0.010958904109589041, 0.017937219730941704, 0.005780346820809248, 0.032, 0.07017543859649122], 'prob_pred': [0.08796160847630817, 0.2988729840533406, 0.49302634585011246, 0.6933198429567347, 0.878720878024409]}"
target_selenium_deficiency,Selenium Deficiency,LightGBM,Champion,0.12286847115951306,0.6371526562609364,0.06260492213433937,0.03323594377907281,0.09090909090909091,0.05128205128205128,0.06557377049180328,0.056179775280898875,0.9818016378525932,0.0,0.0,0.0,"{'tn': 1079, 'fp': 20, 'fn': 37, 'tp': 2}","{'prob_true': [0.03427065026362039], 'prob_pred': [0.05411702297669014]}"
target_selenium_deficiency,Selenium Deficiency,XGBoost,Challenger,0.6743795871734619,0.7130024964419869,0.08929958928661987,0.10938718914985657,0.19444444444444445,0.1794871794871795,0.18666666666666668,0.18229166666666666,0.9736123748862603,0.09836065573770492,0.3076923076923077,0.14906832298136646,"{'tn': 1070, 'fp': 29, 'fn': 32, 'tp': 7}","{'prob_true': [0.008676789587852495, 0.041304347826086954, 0.0410958904109589, 0.14516129032258066, 0.1111111111111111], 'prob_pred': [0.1506527931694095, 0.28206156106746716, 0.4761244381127292, 0.6778195644578626, 0.8217686216036478]}"
target_selenium_deficiency,Selenium Deficiency,CatBoost,Challenger,0.7082420189562708,0.6968922796948275,0.08734643264509069,0.15871291484281863,0.1794871794871795,0.1794871794871795,0.1794871794871795,0.1794871794871795,0.9708826205641492,0.07582938388625593,0.41025641025641024,0.128,"{'tn': 1067, 'fp': 32, 'fn': 32, 'tp': 7}","{'prob_true': [0.0, 0.027586206896551724, 0.034482758620689655, 0.12244897959183673, 0.0], 'prob_pred': [0.15863023875857904, 0.2982363788872771, 0.4809193101291038, 0.6888276109916839, 0.8047077359386384]}"
target_selenium_deficiency,Selenium Deficiency,ElasticNet_LogisticRegression,Baseline,0.725269451532388,0.7707006369426751,0.13065788083613114,0.17953705618963345,0.12195121951219512,0.38461538461538464,0.18518518518518517,0.26881720430107525,0.9017288444040037,0.07941176470588235,0.6923076923076923,0.1424802110817942,"{'tn': 991, 'fp': 108, 'fn': 24, 'tp': 15}","{'prob_true': [0.010075566750629723, 0.016722408026755852, 0.028037383177570093, 0.0935672514619883, 0.14035087719298245], 'prob_pred': [0.0948805544164924, 0.29638295190032354, 0.5005618485630452, 0.6979529841699007, 0.8553737843230893]}"
target_calcium_deficiency,Calcium Deficiency,LightGBM,Champion,0.341407151640799,0.7386980108499096,0.018119128910431492,0.008956480057268484,0.0,0.0,0.0,0.0,0.9989451476793249,0.0,0.0,0.0,"{'tn': 947, 'fp': 1, 'fn': 7, 'tp': 0}","{'prob_true': [0.007383966244725738, 0.0, 0.0], 'prob_pred': [0.0051459864587921665, 0.25257184330870863, 0.9611208761518314]}"
target_calcium_deficiency,Calcium Deficiency,XGBoost,Challenger,0.5953545570373535,0.7594936708860759,0.03658671076549321,0.13833776116371155,0.0,0.0,0.0,0.0,0.9957805907172996,0.07407407407407407,0.2857142857142857,0.11764705882352941,"{'tn': 944, 'fp': 4, 'fn': 7, 'tp': 0}","{'prob_true': [0.002758620689655172, 0.021834061135371178, 0.0], 'prob_pred': [0.33948384749478305, 0.44858214714641653, 0.6039237380027771]}"
target_calcium_deficiency,Calcium Deficiency,CatBoost,Challenger,0.4924056564390344,0.40295358649789026,0.006856414406316562,0.23123231283308696,0.003355704697986577,0.14285714285714285,0.006557377049180328,0.015337423312883436,0.6867088607594937,0.006172839506172839,0.14285714285714285,0.011834319526627219,"{'tn': 651, 'fp': 297, 'fn': 6, 'tp': 1}","{'prob_true': [0.007329842931937173], 'prob_pred': [0.4798337548846283]}"
target_calcium_deficiency,Calcium Deficiency,ElasticNet_LogisticRegression,Baseline,0.9,0.6267329716696806,0.014666097872940875,0.12120746019893873,0.0,0.0,0.0,0.0,0.9683544303797469,0.019736842105263157,0.42857142857142855,0.03773584905660377,"{'tn': 918, 'fp': 30, 'fn': 7, 'tp': 0}","{'prob_true': [0.0046801872074883, 0.0, 0.02666666666666667, 0.03225806451612903, 0.0], 'prob_pred': [0.04326691397538935, 0.29710489566743187, 0.4918271706853953, 0.6924435842791092, 0.8990884887218052]}"
